index,wavelength,intensityRaw,intensityProcessed
0,324.57185154975525,0.010718954248366013,0.009973232394044927
1,324.9275810131539,0.008627450980392156,0.008644612491345663
2,325.28331047655246,0.00784313725490196,0.008224297766708528
3,325.63903993995103,0.00784313725490196,0.008047555354742003
4,325.9947694033496,0.00784313725490196,0.008113181281497054
5,326.3504988667482,0.00784313725490196,0.007767194105352758
6,326.70622833014676,0.00784313725490196,0.008033621216392787
7,327.06195779354533,0.00784313725490196,0.007787667290913803
8,327.41768725694396,0.00784313725490196,0.007854074659315674
9,327.77341672034254,0.00784313725490196,0.007784514066346424
10,328.1291461837411,0.008366013071895424,0.007982052977676351
11,328.4848756471397,0.008366013071895424,0.007864743958066973
12,328.84060511053826,0.00784313725490196,0.008026453964465859
13,329.19633457393684,0.00784313725490196,0.0076499648491583
14,329.5520640373354,0.00823529411764706,0.00815016052538775
15,329.907793500734,0.00823529411764706,0.008092567470148571
16,330.26352296413256,0.00784313725490196,0.008299517531539912
17,330.6192524275312,0.00784313725490196,0.008061559372533344
18,330.97498189092977,0.008235294117647058,0.008022432488798338
19,331.33071135432834,0.008627450980392156,0.008029777039803355
20,331.6864408177269,0.00784313725490196,0.008061140216237803
21,332.0421702811255,0.00784313725490196,0.007924910140949601
22,332.39789974452407,0.008366013071895426,0.008105130767632479
23,332.75362920792264,0.008366013071895426,0.007787356375574243
24,333.1093586713213,0.00849673202614379,0.008125491968458453
25,333.46508813471985,0.007581699346405228,0.00792215818661034
26,333.8208175981184,0.007973856209150327,0.008280165347230962
27,334.176547061517,0.008104575163398693,0.007921461280466736
28,334.5322765249156,0.00784313725490196,0.008244545850764784
29,334.88800598831415,0.008235294117647058,0.007966534063499738
30,335.2437354517127,0.009019607843137255,0.008257057723052786
31,335.5994649151113,0.009019607843137255,0.00815323810411602
32,335.9551943785099,0.008366013071895424,0.00801216874527618
33,336.3109238419085,0.008366013071895424,0.007957934077910648
34,336.6666533053071,0.009019607843137255,0.008188538518647571
35,337.02238276870565,0.008888888888888887,0.008060240589880897
36,337.37811223210423,0.00784313725490196,0.008280866652805415
37,337.7338416955028,0.00784313725490196,0.008065088047494227
38,338.0895711589014,0.00784313725490196,0.008312851082586831
39,338.44530062229995,0.007450980392156862,0.008047591175072083
40,338.8010300856986,0.010196078431372548,0.008503635346688703
41,339.15675954909716,0.010588235294117648,0.008555690851609095
42,339.51248901249573,0.011372549019607844,0.008854539384950347
43,339.8682184758943,0.010588235294117648,0.008338705923612641
44,340.2239479392929,0.007058823529411763,0.008141210549257934
45,340.57967740269146,0.00784313725490196,0.00815511648952081
46,340.93540686609003,0.008235294117647058,0.008410972302290574
47,341.2911363294886,0.00784313725490196,0.008084244404301047
48,341.6468657928872,0.00980392156862745,0.008418247652224594
49,342.0025952562858,0.009019607843137253,0.008168733531427635
50,342.3583247196844,0.009019607843137255,0.00829587629618304
51,342.71405418308296,0.008104575163398693,0.008094909193870209
52,343.06978364648154,0.00784313725490196,0.008210318794527693
53,343.4255131098801,0.00718954248366013,0.007825035846661381
54,343.7812425732787,0.008888888888888889,0.008314915719125432
55,344.13697203667726,0.009411764705882354,0.008299991841926714
56,344.4927015000759,0.010196078431372548,0.009044461415700072
57,344.84843096347447,0.011111111111111108,0.008599512402313792
58,345.20416042687305,0.009934640522875819,0.008966526446269727
59,345.5598898902716,0.008888888888888889,0.008505265651471836
60,345.9156193536702,0.008366013071895424,0.00896983996582012
61,346.27134881706877,0.00784313725490196,0.008205732831880662
62,346.62707828046734,0.007450980392156862,0.00893299266677042
63,346.9828077438659,0.00784313725490196,0.008462459191815232
64,347.3385372072645,0.00784313725490196,0.008389093637772137
65,347.6942666706631,0.00784313725490196,0.008034029567774204
66,348.0499961340617,0.00784313725490196,0.008677794037580894
67,348.4057255974603,0.007058823529411763,0.008253560020557714
68,348.76145506085885,0.009542483660130718,0.008590583988266303
69,349.1171845242574,0.007581699346405228,0.008275661058203437
70,349.472913987656,0.008366013071895424,0.008772938312452898
71,349.8286434510546,0.008366013071895424,0.008185031487403726
72,350.1843729144532,0.00784313725490196,0.008790633941054322
73,350.5401023778518,0.008235294117647058,0.008561172444115106
74,350.89583184125036,0.00784313725490196,0.009062653212646215
75,351.25156130464893,0.008235294117647058,0.008390566321456638
76,351.6072907680475,0.009019607843137253,0.0087920149928515
77,351.9630202314461,0.007058823529411763,0.008025935572374219
78,352.31874969484466,0.008235294117647058,0.008887874504228909
79,352.67447915824323,0.008235294117647058,0.008228201210332914
80,353.0302086216418,0.00784313725490196,0.008641723034656382
81,353.38593808504044,0.00784313725490196,0.008252825451359533
82,353.741667548439,0.00915032679738562,0.008792872251577754
83,354.0973970118376,0.008758169934640523,0.008482542716363521
84,354.45312647523616,0.008758169934640521,0.008606133629133626
85,354.80885593863474,0.007581699346405228,0.008027127966745401
86,355.1645854020333,0.00915032679738562,0.009131116727876738
87,355.5203148654319,0.00823529411764706,0.008373809310935924
88,355.8760443288305,0.010196078431372548,0.008951204067678905
89,356.2317737922291,0.00980392156862745,0.008309862794827497
90,356.58750325562767,0.008235294117647058,0.009703326157152756
91,356.94323271902624,0.008366013071895426,0.008521501072499743
92,357.2989621824248,0.00915032679738562,0.008384142723401449
93,357.6546916458234,0.010065359477124182,0.009219091909297933
94,358.01042110922197,0.010980392156862745,0.01056593266428658
95,358.36615057262054,0.009673202614379083,0.008373034566339267
96,358.7218800360192,0.009019607843137253,0.009137237356779102
97,359.07760949941775,0.007843137254901959,0.008089418317438719
98,359.4333389628163,0.010980392156862744,0.010315718934022639
99,359.7890684262149,0.009281045751633986,0.008753717249818539
100,360.14479788961347,0.008627450980392156,0.00923786058762881
101,360.50052735301205,0.011241830065359476,0.008978599257118719
102,360.8562568164106,0.011241830065359481,0.010702488342527766
103,361.21198627980925,0.011241830065359481,0.008749647167477196
104,361.5677157432078,0.010196078431372551,0.009889765028835049
105,361.9234452066064,0.00980392156862745,0.008850093259085397
106,362.279174670005,0.010588235294117648,0.010203374254686816
107,362.63490413340355,0.006666666666666667,0.00832132036304373
108,362.9906335968021,0.010718954248366013,0.009738531460980969
109,363.3463630602007,0.012941176470588235,0.00956244162862389
110,363.7020925235993,0.012156862745098038,0.010846424524338176
111,364.05782198699785,0.010326797385620914,0.009614209178128831
112,364.4135514503964,0.012418300653594774,0.01109286297443152
113,364.76928091379506,0.012941176470588234,0.01046569425601989
114,365.12501037719363,0.009673202614379083,0.011011978391922172
115,365.4807398405922,0.012941176470588234,0.010655175753228567
116,365.8364693039908,0.012549019607843137,0.011147406220017947
117,366.19219876738936,0.011633986928104573,0.009815120588934705
118,366.54792823078793,0.011764705882352941,0.01137869872459393
119,366.9036576941865,0.011372549019607844,0.010507615639114764
120,367.25938715758514,0.011372549019607844,0.011155991592893029
121,367.6151166209837,0.010196078431372551,0.01047758684516544
122,367.9708460843823,0.014117647058823528,0.011714946197749902
123,368.32657554778086,0.013202614379084966,0.010782933904339986
124,368.68230501117944,0.013986928104575164,0.012267620675526373
125,369.038034474578,0.013464052287581699,0.0114520304149692
126,369.3937639379766,0.015294117647058824,0.012823443634911577
127,369.74949340137516,0.015294117647058824,0.012225537022788738
128,370.10522286477374,0.01437908496732026,0.012521061309338319
129,370.46095232817237,0.014901960784313724,0.0126489117449745
130,370.81668179157094,0.012941176470588235,0.012704799767744072
131,371.1724112549695,0.012941176470588235,0.012254115032369988
132,371.5281407183681,0.013333333333333334,0.013121515430490277
133,371.88387018176667,0.012287581699346406,0.01238959012945721
134,372.23959964516524,0.014117647058823532,0.013523776089142318
135,372.5953291085638,0.012810457516339871,0.013008996096440002
136,372.95105857196245,0.014509803921568629,0.013573451768313372
137,373.306788035361,0.013986928104575165,0.013050364959655362
138,373.6625174987596,0.014771241830065361,0.013628765040644312
139,374.0182469621582,0.014248366013071896,0.01309131988484244
140,374.37397642555675,0.014117647058823528,0.014289635662061612
141,374.7297058889553,0.014117647058823528,0.013235795657001323
142,375.0854353523539,0.014117647058823532,0.014981402161569974
143,375.4411648157525,0.014248366013071894,0.014274537867454933
144,375.79689427915105,0.015947712418300657,0.016014104213435763
145,376.1526237425497,0.015555555555555559,0.01571064361817362
146,376.50835320594825,0.017124183006535947,0.01766511028469437
147,376.86408266934683,0.017516339869281045,0.01823545281260812
148,377.2198121327454,0.019084967320261437,0.020447368988759342
149,377.575541596144,0.019084967320261437,0.01983050817211221
150,377.93127105954255,0.021437908496732026,0.021341223373200793
151,378.2870005229411,0.02065359477124183,0.020685257980658095
152,378.64272998633976,0.02366013071895425,0.021798322397861242
153,378.99845944973833,0.02366013071895425,0.022003870102296645
154,379.3541889131369,0.024313725490196076,0.023743540324807473
155,379.7099183765355,0.022745098039215688,0.023347732310090318
156,380.06564783993406,0.025620915032679742,0.025335058619079295
157,380.42137730333263,0.024836601307189538,0.024554107658938378
158,380.7771067667312,0.025098039215686273,0.025518960105715055
159,381.1328362301298,0.023529411764705885,0.024020914798585164
160,381.48856569352836,0.023529411764705885,0.023981827908268926
161,381.844295156927,0.023529411764705885,0.02287967655937687
162,382.20002462032556,0.022483660130718956,0.02307369402230076
163,382.55575408372414,0.02196078431372549,0.022512755116369722
164,382.9114835471227,0.024836601307189548,0.02427358860452413
165,383.2672130105213,0.023790849673202618,0.024372191352475776
166,383.62294247391986,0.026143790849673203,0.026811898956206053
167,383.97867193731844,0.02666666666666666,0.027457058892629903
168,384.33440140071707,0.02954248366013072,0.0301427563778559
169,384.69013086411564,0.027189542483660133,0.03014510603609799
170,385.0458603275142,0.03058823529411765,0.031429774848262475
171,385.4015897909128,0.031111111111111114,0.030858169636199032
172,385.75731925431137,0.0342483660130719,0.034116142617338245
173,386.11304871770994,0.032679738562091505,0.03230989400716234
174,386.4687781811085,0.03816993464052287,0.03682041469341622
175,386.8245076445071,0.038431372549019606,0.0352469584990378
176,387.18023710790567,0.03790849673202614,0.03832676042201374
177,387.5359665713043,0.03725490196078431,0.03761297020040017
178,387.8916960347029,0.0407843137254902,0.04106820758788941
179,388.24742549810145,0.03633986928104575,0.0391932244210624
180,388.6031549615,0.04313725490196078,0.04558158740113735
181,388.9588844248986,0.042352941176470586,0.04457678300398205
182,389.3146138882972,0.048104575163398694,0.04926914392650753
183,389.67034335169575,0.047973856209150324,0.04935423552276594
184,390.0260728150943,0.05529411764705882,0.05543248321765852
185,390.38180227849296,0.056862745098039215,0.055580047711843085
186,390.73753174189153,0.06156862745098041,0.05949305719370692
187,391.0932612052901,0.060653594771241846,0.05849617714534157
188,391.4489906686887,0.06235294117647059,0.06150808820910693
189,391.80472013208725,0.05869281045751634,0.059297864516075334
190,392.16044959548583,0.05947712418300655,0.05884369104700734
191,392.5161790588844,0.05699346405228759,0.055833858733673615
192,392.87190852228304,0.050457516339869286,0.05145537467791421
193,393.2276379856816,0.0477124183006536,0.05032447900467019
194,393.5833674490802,0.05058823529411765,0.05187407745612946
195,393.93909691247876,0.04915032679738562,0.051803428796284225
196,394.29482637587734,0.06026143790849673,0.062292562561471795
197,394.6505558392759,0.06091503267973857,0.06282133972079426
198,395.0062853026745,0.06836601307189542,0.06869230770665564
199,395.36201476607306,0.06836601307189542,0.06826393191679843
200,395.71774422947163,0.06875816993464054,0.06956055276856234
201,396.07347369287027,0.06614379084967323,0.06882213787959121
202,396.42920315626884,0.06875816993464053,0.06908759008140328
203,396.7849326196674,0.06745098039215686,0.06643949819551263
204,397.140662083066,0.06797385620915032,0.07003149380883514
205,397.49639154646457,0.06470588235294118,0.06797847537404994
206,397.85212100986314,0.08039215686274509,0.07973601722989336
207,398.2078504732617,0.07934640522875819,0.08176088880206131
208,398.56357993666035,0.10366013071895425,0.10277244508850099
209,398.9193094000589,0.10379084967320261,0.10381770171108369
210,399.2750388634575,0.11346405228758172,0.11237843887472383
211,399.63076832685607,0.11019607843137254,0.11123022154414001
212,399.98649779025465,0.12222222222222222,0.12246457381362093
213,400.3422272536532,0.12143790849673204,0.12221081506310415
214,400.6979567170518,0.12980392156862744,0.12967522154083758
215,401.05368618045037,0.129281045751634,0.12998926198067023
216,401.40941564384894,0.13947712418300653,0.13866518265619365
217,401.7651451072476,0.14026143790849674,0.13888856022999702
218,402.12087457064615,0.1407843137254902,0.14351212998144536
219,402.4766040340447,0.1398692810457516,0.14282705366577572
220,402.8323334974433,0.1487581699346405,0.14894795127713356
221,403.1880629608419,0.1479738562091503,0.147626874908062
222,403.54379242424045,0.1503267973856209,0.15016883939394224
223,403.899521887639,0.14352941176470588,0.1485647477937755
224,404.2552513510376,0.1508496732026144,0.15142670388608548
225,404.6109808144362,0.14836601307189543,0.14971462928756235
226,404.9667102778348,0.15267973856209152,0.1525623075075555
227,405.3224397412334,0.15019607843137256,0.15127199699646923
228,405.67816920463196,0.1556862745098039,0.15438420790090726
229,406.03389866803053,0.15215686274509807,0.15266828630694856
230,406.3896281314291,0.15215686274509804,0.15527619268968174
231,406.7453575948277,0.15424836601307193,0.1538971978519959
232,407.10108705822626,0.1589542483660131,0.15827970144831377
233,407.4568165216249,0.15633986928104576,0.15742448736679795
234,407.81254598502346,0.15803921568627452,0.15998503689526702
235,408.16827544842204,0.15947712418300655,0.15965833620688946
236,408.5240049118206,0.1696732026143791,0.1692929287727384
237,408.8797343752192,0.16954248366013072,0.16881965218199885
238,409.23546383861776,0.17503267973856207,0.17347823181965213
239,409.59119330201634,0.16784313725490196,0.17053443367032287
240,409.9469227654149,0.17450980392156865,0.17127053561362537
241,410.30265222881354,0.1715032679738562,0.1700403237685408
242,410.6583816922121,0.1705882352941176,0.17172250238423764
243,411.0141111556107,0.17176470588235293,0.17069033476602613
244,411.36984061900927,0.1786928104575163,0.17987705966529913
245,411.72557008240784,0.17803921568627448,0.1793493632048475
246,412.0812995458064,0.1830065359477124,0.1852839436463419
247,412.437029009205,0.18509803921568627,0.18498986460526404
248,412.7927584726036,0.186797385620915,0.18809216672440426
249,413.1484879360022,0.1874509803921569,0.18816241713667786
250,413.5042173994008,0.19411764705882353,0.1918432211410932
251,413.85994686279935,0.19333333333333333,0.1909102035703647
252,414.2156763261979,0.19581699346405232,0.1951584398565681
253,414.5714057895965,0.19581699346405232,0.19439963702495025
254,414.9271352529951,0.1977777777777778,0.19835567279200605
255,415.28286471639365,0.19673202614379084,0.1965479617970713
256,415.6385941797922,0.19738562091503267,0.19960349880631853
257,415.99432364319085,0.19908496732026146,0.19978704376426978
258,416.3500531065894,0.20300653594771237,0.20314580623994002
259,416.705782569988,0.20026143790849674,0.20148535438770473
260,417.0615120333866,0.20248366013071895,0.20337092667454865
261,417.41724149678515,0.2005228758169935,0.2018948705117839
262,417.7729709601837,0.20261437908496735,0.20437213699185566
263,418.1287004235823,0.20039215686274506,0.2023984078123951
264,418.48442988698093,0.20143790849673202,0.2045514304874663
265,418.8401593503795,0.20209150326797384,0.20375921443374978
266,419.1958888137781,0.2048366013071896,0.20649309744301417
267,419.55161827717666,0.2011764705882353,0.20511689631356944
268,419.90734774057523,0.209281045751634,0.2088492744727245
269,420.2630772039738,0.2084967320261438,0.20895962660126308
270,420.6188066673724,0.21411764705882352,0.21228218297683676
271,420.97453613077096,0.2113725490196079,0.21200539820526226
272,421.33026559416953,0.21477124183006538,0.2175397804708356
273,421.68599505756816,0.21437908496732028,0.21722343812114925
274,422.04172452096674,0.2169934640522876,0.21944097976836163
275,422.3974539843653,0.2130718954248366,0.21820070008626954
276,422.7531834477639,0.21934640522875817,0.22078946394605334
277,423.10891291116246,0.2172549019607843,0.21864796665053288
278,423.46464237456104,0.22013071895424838,0.2217529091775819
279,423.8203718379596,0.21803921568627452,0.22099080886291295
280,424.1761013013582,0.2216993464052288,0.22486172045730868
281,424.5318307647568,0.22470588235294117,0.2251682431193356
282,424.8875602281554,0.22692810457516335,0.22743175679272778
283,425.24328969155397,0.2264052287581699,0.22643434045473776
284,425.59901915495254,0.22862745098039214,0.22992987564744968
285,425.9547486183511,0.2281045751633987,0.22970989065923442
286,426.3104780817497,0.23176470588235296,0.23276856814268046
287,426.66620754514827,0.23111111111111113,0.23199708061622687
288,427.02193700854684,0.23241830065359478,0.23406113681273977
289,427.3776664719455,0.2329411764705882,0.23374463805095846
290,427.73339593534405,0.23581699346405227,0.23533729272485893
291,428.0891253987426,0.233202614379085,0.23447671598709266
292,428.4448548621412,0.23581699346405227,0.2356246308278216
293,428.8005843255398,0.23450980392156864,0.23479840942258592
294,429.15631378893835,0.23241830065359478,0.23466030670110086
295,429.5120432523369,0.23294117647058823,0.23367426449181036
296,429.86777271573555,0.22392156862745097,0.22505160154517487
297,430.22350217913413,0.22039215686274513,0.2229257056316319
298,430.5792316425327,0.217124183006536,0.21783681767937738
299,430.9349611059313,0.21620915032679736,0.2164181059816763
300,431.29069056932985,0.21673202614379083,0.2179837421409407
301,431.64642003272843,0.21620915032679744,0.21788748253294585
302,432.002149496127,0.22758169934640524,0.2274085252932158
303,432.3578789595256,0.22666666666666666,0.22764249572986864
304,432.71360842292415,0.2504575163398693,0.2510833524988383
305,433.0693378863228,0.2499346405228758,0.2518123154743136
306,433.42506734972136,0.25254901960784315,0.25623190760091746
307,433.78079681311993,0.2520261437908497,0.2559362168936433
308,434.1365262765185,0.25790849673202615,0.26036952158685556
309,434.4922557399171,0.2583006535947712,0.2595971164551695
310,434.84798520331566,0.2609150326797386,0.26169629102674
311,435.20371466671423,0.26156862745098036,0.26147997935189227
312,435.5594441301128,0.26823529411764707,0.2685822302069955
313,435.91517359351144,0.26758169934640524,0.26826155451635986
314,436.27090305691,0.2737254901960784,0.2739693904167754
315,436.6266325203086,0.27359477124183,0.27412991345429394
316,436.98236198370716,0.28091503267973855,0.28055527554999
317,437.33809144710574,0.2792156862745098,0.2802106125808122
318,437.6938209105043,0.2807843137254902,0.28112380536645304
319,438.0495503739029,0.27647058823529413,0.27875000863076915
320,438.40527983730146,0.2766013071895425,0.2774099100138174
321,438.7610093007001,0.273202614379085,0.2755237618804165
322,439.11673876409867,0.2767320261437909,0.2767004031450609
323,439.47246822749725,0.2720261437908496,0.2754010117013289
324,439.8281976908958,0.2788235294117647,0.27942998104270295
325,440.1839271542944,0.27660130718954246,0.278884684843927
326,440.53965661769297,0.2813071895424836,0.28215792242501214
327,440.89538608109154,0.28183006535947713,0.281755117711101
328,441.2511155444902,0.2882352941176471,0.2874415109914783
329,441.60684500788875,0.28810457516339866,0.2873988715669978
330,441.9625744712873,0.2917647058823529,0.2939353658857771
331,442.3183039346859,0.29281045751633983,0.29391603562012164
332,442.6740333980845,0.30026143790849674,0.3010303110544349
333,443.02976286148305,0.29699346405228755,0.30002703007158615
334,443.3854923248816,0.302483660130719,0.3030571066900546
335,443.7412217882802,0.29986928104575167,0.30163900676377786
336,444.0969512516788,0.3045751633986927,0.3049123719248534
337,444.45268071507735,0.30392156862745096,0.30440769864839284
338,444.8084101784759,0.3052287581699346,0.306916922517678
339,445.16413964187456,0.30549019607843136,0.30564147137704584
340,445.51986910527313,0.30679738562091513,0.30669551362237313
341,445.8755985686717,0.3049673202614379,0.3046544937828917
342,446.2313280320703,0.3047058823529411,0.30539021161783936
343,446.58705749546885,0.30496732026143786,0.3052665115718738
344,446.94278695886743,0.3061437908496732,0.3074887083588864
345,447.298516422266,0.3070588235294117,0.30777028652058214
346,447.65424588566464,0.31163398692810457,0.3129270616603454
347,448.0099753490632,0.31124183006535944,0.31314455982806744
348,448.3657048124618,0.31660130718954244,0.318624870555522
349,448.72143427586036,0.31673202614379087,0.317987555068953
350,449.07716373925894,0.31816993464052284,0.32121014167116796
351,449.4328932026575,0.3189542483660131,0.3203555084609747
352,449.7886226660561,0.32326797385620915,0.3248550527454821
353,450.1443521294547,0.3222222222222222,0.32403825999097374
354,450.5000815928533,0.3271895424836601,0.3277349420384294
355,450.85581105625187,0.32745098039215687,0.32722591420580033
356,451.21154051965044,0.330718954248366,0.33012235548533436
357,451.567269983049,0.32718954248366017,0.3288374088913498
358,451.9229994464476,0.3298039215686274,0.33002570958155764
359,452.27872890984617,0.3288888888888889,0.328752696692754
360,452.6344583732448,0.3277124183006536,0.3291268158692011
361,452.9901878366434,0.3286274509803922,0.32854956586982587
362,453.34591730004195,0.3279738562091503,0.3286794884719487
363,453.7016467634405,0.3277124183006536,0.32786358602213517
364,454.0573762268391,0.3281045751633987,0.3294197206427114
365,454.41310569023767,0.3286274509803921,0.3276216885562095
366,454.76883515363625,0.33045751633986925,0.32954448616617305
367,455.1245646170348,0.3271895424836601,0.3288702670145964
368,455.4802940804334,0.32836601307189545,0.3296018634383456
369,455.83602354383197,0.32993464052287585,0.32956379072176484
370,456.1917530072306,0.3304575163398693,0.3309830679213997
371,456.5474824706292,0.3299346405228758,0.33059486469041494
372,456.90321193402775,0.33202614379084966,0.33243206914503626
373,457.2589413974263,0.33202614379084966,0.3323133139453409
374,457.6146708608249,0.33254901960784317,0.3331552907704937
375,457.9704003242235,0.33281045751633986,0.3330758395264092
376,458.32612978762205,0.33228758169934636,0.33361997035908947
377,458.6818592510207,0.33359477124183007,0.3334231188493119
378,459.03758871441926,0.3349019607843137,0.33469061999701627
379,459.39331817781783,0.33568627450980393,0.3341357846647647
380,459.7490476412164,0.33607843137254895,0.3357851781867919
381,460.104777104615,0.33385620915032677,0.33553269909093103
382,460.46050656801356,0.33882352941176475,0.3390224998433266
383,460.81623603141213,0.33960784313725495,0.3384427316317082
384,461.1719654948107,0.3398692810457516,0.3406657358016073
385,461.5276949582093,0.3430065359477124,0.3421221258774882
386,461.88342442160786,0.3449673202614379,0.344901694097095
387,462.23915388500643,0.34339869281045754,0.3446870049213538
388,462.59488334840506,0.35032679738562084,0.34894731642226245
389,462.95061281180364,0.34758169934640515,0.3487953016817986
390,463.3063422752022,0.35032679738562095,0.3510102608457195
391,463.66207173860084,0.349281045751634,0.35098032892560793
392,464.0178012019994,0.3537254901960785,0.3525940241988622
393,464.373530665398,0.3526797385620915,0.35231582816810314
394,464.7292601287965,0.3547712418300654,0.3535794411419393
395,465.08498959219514,0.35320261437908496,0.3536136723004633
396,465.4407190555937,0.3518954248366013,0.35156579930696824
397,465.7964485189923,0.3517647058823529,0.35129399570724634
398,466.15217798239087,0.3518954248366013,0.35111757107370634
399,466.50790744578944,0.3515032679738563,0.35167601765985396
400,466.863636909188,0.3501960784313725,0.35107684345907886
401,467.2193663725866,0.3521568627450981,0.35137342563865503
402,467.5750958359852,0.35032679738562084,0.3509267887963836
403,467.9308252993838,0.35294117647058826,0.3519702876621698
404,468.2865547627824,0.35241830065359475,0.35213015442971884
405,468.64228422618095,0.35267973856209145,0.35217296534768144
406,468.9980136895795,0.3518954248366013,0.35354179440071715
407,469.3537431529781,0.35503267973856206,0.3542776593081196
408,469.7094726163767,0.35228758169934643,0.3525135929490775
409,470.0652020797753,0.35189542483660136,0.3529293637023955
410,470.4209315431739,0.3484967320261438,0.3496859536414762
411,470.77666100657245,0.35045751633986927,0.35082671541636373
412,471.132390469971,0.34797385620915033,0.34889342294969733
413,471.4881199333696,0.34954248366013063,0.3501463563867345
414,471.8438493967682,0.35071895424836597,0.35204983830147646
415,472.19957886016675,0.35228758169934643,0.3538289151135578
416,472.5553083235653,0.3521568627450981,0.3547448266491284
417,472.9110377869639,0.3520261437908496,0.35557048192971125
418,473.2667672503625,0.3512418300653595,0.3531211464759954
419,473.6224967137611,0.35281045751633994,0.35448307279178587
420,473.9782261771597,0.3520261437908497,0.35356219512779147
421,474.33395564055826,0.3518954248366013,0.35403730752934676
422,474.68968510395683,0.3530718954248366,0.35526325881006193
423,475.0454145673554,0.3538562091503268,0.35671315642509077
424,475.401144030754,0.3528104575163398,0.35363384015775334
425,475.75687349415256,0.35542483660130725,0.3548594504990831
426,476.1126029575512,0.3521568627450981,0.3533884236447092
427,476.46833242094976,0.3545098039215686,0.35513920387315495
428,476.82406188434834,0.35045751633986927,0.3503321399853775
429,477.1797913477469,0.3528104575163398,0.3531321880962099
430,477.5355208111455,0.35307189542483663,0.3544213634682022
431,477.89125027454406,0.35398692810457516,0.3571178755573168
432,478.24697973794264,0.351764705882353,0.35170903059606196
433,478.60270920134127,0.3521568627450981,0.3532365268550885
434,478.95843866473984,0.3518954248366013,0.351849444630451
435,479.3141681281384,0.35294117647058826,0.3538293024620782
436,479.669897591537,0.34941176470588237,0.350697972690508
437,480.02562705493557,0.3512418300653595,0.3506742670770801
438,480.38135651833414,0.35098039215686283,0.35111936368166186
439,480.7370859817327,0.3520261437908497,0.3520099837594464
440,481.09281544513135,0.34627450980392155,0.34774890358529403
441,481.4485449085299,0.34784313725490196,0.3490956259748136
442,481.8042743719285,0.34980392156862744,0.349489171836106
443,482.1600038353271,0.35045751633986927,0.34990532315370243
444,482.51573329872565,0.34418300653594774,0.34321531199050725
445,482.8714627621242,0.34431372549019607,0.3435083771525057
446,483.2271922255228,0.34366013071895435,0.34357270097245635
447,483.5829216889214,0.34261437908496734,0.34297194408607684
448,483.93865115231995,0.3398692810457516,0.33721695125224405
449,484.2943806157185,0.33830065359477124,0.33701356301697044
450,484.6501100791171,0.3343790849673202,0.3349777781084668
451,485.00583954251573,0.3343790849673202,0.33368966377153536
452,485.3615690059143,0.3271895424836601,0.3256598208947098
453,485.7172984693129,0.32143790849673204,0.3207432718944714
454,486.07302793271145,0.3122875816993464,0.3133748447221233
455,486.42875739611003,0.3135947712418301,0.3133838806586426
456,486.7844868595086,0.30849673202614375,0.30796818485730126
457,487.1402163229072,0.31098039215686274,0.3098369774208056
458,487.4959457863058,0.3129411764705882,0.3130242992203467
459,487.8516752497044,0.31581699346405223,0.31620680377085936
460,488.20740471310296,0.31764705882352945,0.316262966553651
461,488.56313417650153,0.3172549019607843,0.31644582937561316
462,488.9188636399001,0.3180392156862745,0.31742709830640725
463,489.2745931032987,0.32065359477124183,0.31933715376247135
464,489.63032256669726,0.32156862745098036,0.3201514185788598
465,489.9860520300959,0.3219607843137255,0.3211496298508982
466,490.34178149349447,0.3240522875816994,0.32190775213311323
467,490.69751095689304,0.32287581699346407,0.321538833681299
468,491.0532404202916,0.31712418300653594,0.3187305550485625
469,491.4089698836902,0.3163398692810458,0.31717979813534963
470,491.76469934708877,0.31281045751633985,0.31366913745162556
471,492.12042881048734,0.3122875816993464,0.3131515040588942
472,492.47615827388597,0.30967320261437903,0.3110498789383014
473,492.83188773728455,0.3111111111111111,0.3105226233313208
474,493.1876172006831,0.31098039215686274,0.3115869665523397
475,493.5433466640817,0.31150326797385613,0.3114177052437586
476,493.89907612748027,0.31176470588235294,0.30909068880657303
477,494.25480559087885,0.3104575163398693,0.3090414265156934
478,494.6105350542774,0.309281045751634,0.30829296257215183
479,494.966264517676,0.3116339869281046,0.3087894104464053
480,495.32199398107457,0.30692810457516334,0.3066496875796126
481,495.67772344447314,0.30653594771241827,0.30609177254604303
482,496.0334529078718,0.3050980392156863,0.30423356559920084
483,496.38918237127035,0.3070588235294118,0.3044281494239444
484,496.7449118346689,0.3035294117647059,0.3034955726928302
485,497.1006412980675,0.30235294117647055,0.3015030229085206
486,497.4563707614661,0.30117647058823527,0.3001450017109879
487,497.81210022486465,0.29882352941176465,0.29801944463847974
488,498.1678296882632,0.29385620915032673,0.2946986946246185
489,498.52355915166186,0.29516339869281044,0.2934123453782249
490,498.87928861506043,0.29058823529411765,0.2903890481214784
491,499.235018078459,0.29228758169934643,0.29108339061661376
492,499.5907475418576,0.28915032679738567,0.2887388592018164
493,499.94647700525616,0.2862745098039216,0.2854634853236855
494,500.30220646865473,0.2840522875816993,0.2831177073502231
495,500.6579359320533,0.2815686274509804,0.28114917732296074
496,501.0136653954519,0.27633986928104576,0.2763652937480715
497,501.36939485885046,0.27477124183006535,0.274899218947287
498,501.72512432224903,0.2724183006535948,0.27302052469178323
499,502.0808537856476,0.27215686274509804,0.2736542458441118
500,502.43658324904624,0.27163398692810453,0.2725734009475026
501,502.7923127124448,0.27320261437908494,0.2725127029106374
502,503.1480421758434,0.2708496732026144,0.2703741426585444
503,503.503771639242,0.27058823529411763,0.2687641874618789
504,503.8595011026406,0.26535947712418306,0.26563583215220893
505,504.21523056603917,0.2633986928104575,0.2653456079671764
506,504.57096002943774,0.26496732026143793,0.2638055690000557
507,504.9266894928363,0.2673202614379085,0.26582797385731294
508,505.2824189562349,0.26379084967320265,0.2636575830558275
509,505.63814841963347,0.2619607843137255,0.2625922690832322
510,505.99387788303204,0.25882352941176473,0.26039685517061567
511,506.3496073464306,0.2583006535947712,0.25922367335353114
512,506.7053368098292,0.2530718954248366,0.25427384565158884
513,507.06106627322777,0.2524183006535948,0.2518451629600022
514,507.4167957366264,0.24666666666666667,0.2481517457561501
515,507.772525200025,0.24705882352941178,0.24674956013193655
516,508.12825466342355,0.24444444444444446,0.24367930235818105
517,508.4839841268221,0.24444444444444446,0.243471057341244
518,508.8397135902207,0.24352941176470586,0.24194962070985762
519,509.1954430536193,0.24392156862745099,0.24044874516442127
520,509.55117251701785,0.23647058823529413,0.23559909748037028
521,509.9069019804165,0.23529411764705885,0.23388243640256937
522,510.26263144381505,0.23372549019607844,0.23223948079111148
523,510.6183609072136,0.233202614379085,0.2325080046258385
524,510.9740903706122,0.2298039215686275,0.22883642714847893
525,511.3298198340108,0.22758169934640526,0.2273080129848923
526,511.68554929740935,0.22300653594771244,0.22425870820578936
527,512.0412787608079,0.22300653594771244,0.22222894870720877
528,512.3970082242065,0.21555555555555558,0.21765582923631438
529,512.7527376876051,0.21542483660130718,0.21473603419595988
530,513.1084671510037,0.2120261437908497,0.21037150662053827
531,513.4641966144022,0.20862745098039215,0.208636230494729
532,513.8199260778008,0.2049673202614379,0.20488935554646226
533,514.1756555411994,0.20209150326797384,0.20276493263081025
534,514.531385004598,0.2011764705882353,0.20168046822581123
535,514.8871144679966,0.2011764705882353,0.20108804890264434
536,515.2428439313952,0.1951633986928104,0.19645553930419268
537,515.5985733947938,0.19071895424836602,0.19100579452993582
538,515.9543028581924,0.18078431372549023,0.1828626153094397
539,516.3100323215909,0.1758169934640523,0.17758623558820427
540,516.6657617849895,0.17137254901960786,0.1708751836291745
541,517.0214912483881,0.1709803921568627,0.17041041520785719
542,517.3772207117867,0.16849673202614376,0.16974924191011134
543,517.7329501751852,0.16915032679738562,0.16979922127157923
544,518.0886796385838,0.17045751633986927,0.1708869374602456
545,518.4444091019824,0.16954248366013072,0.16974712822162397
546,518.800138565381,0.17294117647058826,0.17279214098368917
547,519.1558680287795,0.17346405228758174,0.1733801177623113
548,519.5115974921781,0.17385620915032685,0.17397362499608351
549,519.8673269555768,0.1735947712418301,0.17381957258449773
550,520.2230564189754,0.17464052287581702,0.17508071151026805
551,520.578785882374,0.17450980392156865,0.1750378908301446
552,520.9345153457725,0.17594771241830065,0.17636919568186746
553,521.2902448091711,0.1756862745098039,0.17617115870033948
554,521.6459742725697,0.17529411764705882,0.1760656818945422
555,522.0017037359682,0.17542483660130717,0.17573187002700716
556,522.3574331993668,0.1758169934640523,0.17588964428490947
557,522.7131626627654,0.17529411764705882,0.1755969599581482
558,523.068892126164,0.176078431372549,0.17673257104303502
559,523.4246215895625,0.17633986928104572,0.17681857596427575
560,523.7803510529611,0.17830065359477124,0.17831286759291864
561,524.1360805163597,0.1776470588235294,0.17780307259716174
562,524.4918099797583,0.17751633986928103,0.1780015720110287
563,524.8475394431568,0.17712418300653596,0.17728913008387445
564,525.2032689065554,0.17673202614379088,0.17615454357160332
565,525.558998369954,0.1734640522875817,0.17398231686955518
566,525.9147278333526,0.17333333333333334,0.17309214381919988
567,526.2704572967511,0.17098039215686275,0.17119756989558788
568,526.6261867601497,0.17228758169934644,0.17233349163062492
569,526.9819162235483,0.17254901960784316,0.17248508376960534
570,527.337645686947,0.17372549019607844,0.1739023501198967
571,527.6933751503456,0.17372549019607844,0.17381226244005524
572,528.0491046137441,0.17529411764705882,0.17601096986117065
573,528.4048340771427,0.1756862745098039,0.1762048822280967
574,528.7605635405413,0.1772549019607843,0.17749907520080926
575,529.1162930039399,0.17699346405228755,0.1772142695588183
576,529.4720224673384,0.17777777777777778,0.17808138355010825
577,529.827751930737,0.17738562091503265,0.17788213265830244
578,530.1834813941356,0.1781699346405229,0.17844157521897747
579,530.5392108575342,0.17830065359477124,0.17804122077625817
580,530.8949403209328,0.1781699346405229,0.1780520910235086
581,531.2506697843314,0.17647058823529407,0.17677711279488414
582,531.60639924773,0.17529411764705882,0.17568943109147606
583,531.9621287111286,0.17568627450980392,0.17515004417972452
584,532.3178581745271,0.174640522875817,0.17505098794666296
585,532.6735876379257,0.17398692810457517,0.1748222178900477
586,533.0293171013243,0.174640522875817,0.17522243868755347
587,533.3850465647229,0.17490196078431372,0.17508678592905896
588,533.7407760281214,0.17516339869281047,0.17549660074672413
589,534.09650549152,0.17450980392156867,0.17528947333732983
590,534.4522349549186,0.176078431372549,0.17647778927643712
591,534.8079644183172,0.17594771241830065,0.17627061878045758
592,535.1636938817157,0.17660130718954245,0.17660678191062554
593,535.5194233451143,0.17633986928104572,0.17623546520867323
594,535.8751528085129,0.176078431372549,0.17623047671763095
595,536.2308822719115,0.17594771241830065,0.17588471752290138
596,536.58661173531,0.17516339869281042,0.17615570363148586
597,536.9423411987086,0.1758169934640523,0.1760194677961848
598,537.2980706621072,0.17633986928104572,0.1761434938226823
599,537.6538001255058,0.17555555555555555,0.17554304305947857
600,538.0095295889043,0.1747712418300654,0.17543612365971986
601,538.365259052303,0.17411764705882357,0.1744868061972285
602,538.7209885157016,0.17411764705882357,0.17416027053704985
603,539.0767179791002,0.17294117647058826,0.1729766036952296
604,539.4324474424988,0.17333333333333337,0.1730151861988286
605,539.7881769058973,0.17333333333333334,0.17255519734941016
606,540.1439063692959,0.17346405228758174,0.17316489149260716
607,540.4996358326945,0.17385620915032685,0.17302701759325956
608,540.855365296093,0.1737254901960785,0.17379499707990897
609,541.2110947594916,0.17385620915032682,0.1736195346897621
610,541.5668242228902,0.17490196078431372,0.1744611765217348
611,541.9225536862888,0.17385620915032682,0.17410019146970096
612,542.2782831496875,0.17490196078431375,0.1750196561421065
613,542.634012613086,0.17450980392156867,0.174739468746195
614,542.9897420764846,0.1758169934640523,0.17564500701043784
615,543.3454715398832,0.17516339869281047,0.1754266469247231
616,543.7012010032818,0.17542483660130723,0.17590331048621674
617,544.0569304666803,0.17385620915032682,0.17540405947577795
618,544.4126599300789,0.17555555555555555,0.17583610274537304
619,544.7683893934775,0.17542483660130723,0.17557459749814416
620,545.1241188568761,0.17529411764705882,0.17590351933712933
621,545.4798483202746,0.17411764705882357,0.175234369192444
622,545.8355777836732,0.17450980392156865,0.17536618648618996
623,546.1913072470718,0.17437908496732027,0.17443781338674424
624,546.5470367104704,0.17490196078431375,0.17468884959971276
625,546.9027661738689,0.17202614379084968,0.17371854366212297
626,547.2584956372675,0.1735947712418301,0.174248440658946
627,547.6142251006661,0.17385620915032685,0.1740347588961493
628,547.9699545640647,0.1739869281045752,0.17438544382682497
629,548.3256840274632,0.17398692810457517,0.17391230291846485
630,548.6814134908618,0.17372549019607844,0.17363659798844008
631,549.0371429542604,0.17281045751633986,0.17307787767606442
632,549.392872417659,0.17281045751633986,0.17305669278710173
633,549.7486018810577,0.17124183006535945,0.17259241455180824
634,550.1043313444562,0.17215686274509803,0.1725941946323755
635,550.4600608078548,0.17163398692810458,0.17202116790669025
636,550.8157902712534,0.17189542483660128,0.17207455099067204
637,551.171519734652,0.1711111111111111,0.17124009295814774
638,551.5272491980505,0.17137254901960786,0.17150926034609226
639,551.8829786614491,0.17111111111111113,0.17097899339788028
640,552.2387081248477,0.17137254901960786,0.17111962338861564
641,552.5944375882463,0.1712418300653595,0.17066471107591946
642,552.9501670516449,0.17032679738562093,0.17077058230110975
643,553.3058965150434,0.17058823529411768,0.17012205179091833
644,553.6616259784421,0.1699346405228758,0.17022602967496658
645,554.0173554418407,0.16875816993464046,0.1690922088735102
646,554.3730849052392,0.16718954248366014,0.16859457797835745
647,554.7288143686378,0.16640522875816996,0.16733885755451516
648,555.0845438320364,0.16588235294117648,0.16639769894727663
649,555.440273295435,0.16470588235294117,0.16540407177176017
650,555.7960027588335,0.1645751633986928,0.16477206218241208
651,556.1517322222321,0.16379084967320262,0.16409411489230413
652,556.5074616856307,0.16287581699346407,0.16308076290743612
653,556.8631911490293,0.1620915032679739,0.16219133164945085
654,557.2189206124278,0.16183006535947717,0.16170605469800897
655,557.5746500758264,0.16104575163398696,0.16125569305378118
656,557.930379539225,0.1613071895424837,0.16126423340018264
657,558.2861090026236,0.1611764705882353,0.16073248593506154
658,558.6418384660221,0.16052287581699348,0.16067312044405058
659,558.9975679294207,0.16065359477124183,0.16016772453836378
660,559.3532973928193,0.16013071895424838,0.16051676388498468
661,559.7090268562179,0.16026143790849673,0.1596322307021127
662,560.0647563196164,0.15986928104575163,0.15974259214019382
663,560.420485783015,0.15947712418300655,0.15909532267324972
664,560.7762152464137,0.15790849673202614,0.15877831805719989
665,561.1319447098122,0.15790849673202614,0.15832942840228223
666,561.4876741732108,0.1576470588235294,0.1578412647479045
667,561.8434036366094,0.15673202614379086,0.15707463137013075
668,562.199133100008,0.15686274509803919,0.15700993403198418
669,562.5548625634066,0.1558169934640523,0.15623198888025633
670,562.9105920268051,0.15555555555555559,0.15563182101065426
671,563.2663214902037,0.15437908496732028,0.15464304389815092
672,563.6220509536023,0.15372549019607842,0.15384159266035302
673,563.977780417001,0.1530718954248366,0.15251601915641202
674,564.3335098803994,0.15241830065359477,0.15159469327527414
675,564.6892393437981,0.15111111111111108,0.15070785944767215
676,565.0449688071966,0.14941176470588236,0.14984118572881755
677,565.4006982705953,0.14901960784313725,0.14924371164289493
678,565.7564277339939,0.1487581699346405,0.14887946853966375
679,566.1121571973924,0.14784313725490195,0.14845310823741553
680,566.467886660791,0.1477124183006536,0.14773869245631535
681,566.8236161241896,0.1460130718954248,0.14680436901142727
682,567.1793455875882,0.14627450980392157,0.14617145456483158
683,567.5350750509867,0.14522875816993464,0.14500274626619034
684,567.8908045143853,0.143921568627451,0.1440977405253414
685,568.2465339777839,0.14300653594771245,0.14263841732702015
686,568.6022634411825,0.14130718954248364,0.1414395595450702
687,568.957992904581,0.14013071895424842,0.14055267326510618
688,569.3137223679796,0.13895424836601308,0.13975863827222576
689,569.6694518313782,0.13830065359477126,0.13922651770538433
690,570.0251812947768,0.13843137254901963,0.13893207362527046
691,570.3809107581753,0.13830065359477126,0.13878686081291833
692,570.7366402215739,0.13882352941176473,0.13868860026684915
693,571.0923696849725,0.1384313725490196,0.13839523325182318
694,571.448099148371,0.13764705882352943,0.13782211241247946
695,571.8038286117697,0.13764705882352943,0.13752988141834896
696,572.1595580751682,0.13686274509803922,0.1368951434408647
697,572.5152875385669,0.13555555555555554,0.13622745785245813
698,572.8710170019655,0.13555555555555554,0.13523512562052578
699,573.226746465364,0.13411764705882354,0.13426633081835715
700,573.5824759287626,0.13385620915032678,0.133032192275813
701,573.9382053921612,0.1322875816993464,0.1321509543821779
702,574.2939348555598,0.1318954248366013,0.13158326258726297
703,574.6496643189583,0.13176470588235292,0.131000581467097
704,575.0053937823569,0.12954248366013071,0.12930240119657857
705,575.3611232457555,0.12915032679738564,0.12888078380576212
706,575.7168527091542,0.1291503267973856,0.12816372865572576
707,576.0725821725526,0.12849673202614378,0.1276850723439447
708,576.4283116359513,0.12784313725490198,0.1270993928351618
709,576.7840410993499,0.12732026143790853,0.12667314553876624
710,577.1397705627485,0.1315032679738562,0.13163467372617593
711,577.495500026147,0.13333333333333336,0.13178876115046875
712,577.8512294895456,0.14183006535947715,0.14114939837364995
713,578.2069589529442,0.14169934640522877,0.1416349997021139
714,578.5626884163428,0.1457516339869281,0.14612972292460802
715,578.9184178797414,0.14888888888888888,0.14812613609137293
716,579.2741473431399,0.1611764705882353,0.16043813896129552
717,579.6298768065385,0.16117647058823528,0.16166670816969664
718,579.9856062699371,0.17150326797385626,0.17082580189903054
719,580.3413357333357,0.1712418300653595,0.17131150354368865
720,580.6970651967342,0.1890196078431373,0.1881086960329368
721,581.0527946601328,0.18967320261437912,0.18925318982754583
722,581.4085241235314,0.197124183006536,0.19766187587251888
723,581.76425358693,0.19633986928104574,0.19942539194865833
724,582.1199830503285,0.2115032679738562,0.21550702703400593
725,582.4757125137271,0.2083660130718954,0.21493495161579895
726,582.8314419771258,0.22039215686274508,0.22127269107377512
727,583.1871714405243,0.21738562091503266,0.22037745216036214
728,583.5429009039229,0.22823529411764706,0.22828726406319572
729,583.8986303673215,0.22875816993464052,0.22901281273154206
730,584.2543598307201,0.23477124183006537,0.23533044732399158
731,584.6100892941187,0.2358169934640523,0.23549946482532866
732,584.9658187575172,0.24366013071895423,0.24403794604844614
733,585.3215482209158,0.24248366013071898,0.2430477252739975
734,585.6772776843144,0.2454901960784314,0.24642442597657932
735,586.033007147713,0.24287581699346406,0.243940011981156
736,586.3887366111115,0.24823529411764708,0.24955312865756152
737,586.7444660745101,0.24601307189542485,0.24676710086995018
738,587.1001955379087,0.2475816993464052,0.24855024430876382
739,587.4559250013073,0.24640522875816995,0.246547059112459
740,587.811654464706,0.253202614379085,0.25502784811065693
741,588.1673839281044,0.2524183006535948,0.25388236306173845
742,588.5231133915031,0.2584313725490196,0.2585211876851039
743,588.8788428549017,0.25947712418300656,0.2584934775398459
744,589.2345723183003,0.26326797385620915,0.2638106520109483
745,589.5903017816988,0.26418300653594773,0.26343011629218194
746,589.9460312450974,0.26509803921568625,0.265882075806965
747,590.301760708496,0.2645751633986928,0.2654895378289177
748,590.6574901718946,0.26915032679738565,0.27036738012555944
749,591.0132196352931,0.2681045751633987,0.2684518001582782
750,591.3689490986917,0.2715032679738562,0.272420426498787
751,591.7246785620903,0.2704575163398693,0.27073743647925297
752,592.0804080254889,0.27320261437908494,0.27580310406337843
753,592.4361374888874,0.2739869281045752,0.27396278462417567
754,592.791866952286,0.27738562091503266,0.27657608124511757
755,593.1475964156846,0.27215686274509804,0.2736679740389204
756,593.5033258790831,0.27830065359477124,0.2784459233398863
757,593.8590553424818,0.27294117647058824,0.2752388429516875
758,594.2147848058803,0.27751633986928104,0.2786360771985432
759,594.570514269279,0.2776470588235294,0.27567530421296044
760,594.9262437326774,0.2815686274509804,0.28069565071791325
761,595.281973196076,0.2764705882352942,0.2777323025021534
762,595.6377026594747,0.2816993464052288,0.28089004060116246
763,595.9934321228732,0.2802614379084967,0.2789594478491272
764,596.3491615862719,0.28431372549019607,0.2838140520144581
765,596.7048910496704,0.2810457516339869,0.28124374557631565
766,597.060620513069,0.28444444444444444,0.284159780089195
767,597.4163499764676,0.28065359477124185,0.2799057783035213
768,597.7720794398663,0.28091503267973855,0.2808388280873619
769,598.1278089032647,0.2797385620915033,0.27783631775576323
770,598.4835383666634,0.2826143790849673,0.2798149954137127
771,598.839267830062,0.28013071895424835,0.27751746076597544
772,599.1949972934606,0.2822222222222222,0.2818157681498117
773,599.5507267568591,0.2797385620915033,0.2785896100254129
774,599.9064562202577,0.2832679738562091,0.2826416835853279
775,600.2621856836563,0.28235294117647064,0.28082640842381984
776,600.6179151470549,0.2830065359477124,0.28371031041404016
777,600.9736446104534,0.2826143790849674,0.28113162841037453
778,601.329374073852,0.2845751633986928,0.28429010616148537
779,601.6851035372506,0.2792156862745098,0.28121504841153466
780,602.0408330006492,0.28522875816993465,0.2840572382071144
781,602.3965624640477,0.28248366013071896,0.27933074227773036
782,602.7522919274463,0.28287581699346404,0.28295257658167655
783,603.1080213908449,0.28078431372549023,0.2805097636873675
784,603.4637508542435,0.2831372549019608,0.2835895162400507
785,603.819480317642,0.28091503267973855,0.28156799385832215
786,604.1752097810406,0.28248366013071896,0.28350741619581793
787,604.5309392444392,0.2807843137254902,0.28157140057947694
788,604.8866687078378,0.2837908496732026,0.283650690212615
789,605.2423981712363,0.2796078431372549,0.2798078144278876
790,605.598127634635,0.28287581699346404,0.2833752532599004
791,605.9538570980335,0.2813071895424837,0.279639312571507
792,606.3095865614322,0.28326797385620917,0.28156591825466426
793,606.6653160248308,0.28143790849673206,0.2784577279489239
794,607.0210454882293,0.27934640522875814,0.28052208222688146
795,607.3767749516279,0.27320261437908494,0.2769294356220631
796,607.7325044150265,0.28039215686274505,0.27968325378975706
797,608.0882338784251,0.2786928104575163,0.2761056224080031
798,608.4439633418236,0.2786928104575163,0.27741289468527003
799,608.7996928052222,0.2754248366013072,0.2739214946214081
800,609.1554222686208,0.27555555555555555,0.2748491067035888
801,609.5111517320194,0.2718954248366013,0.27263553554728254
802,609.8668811954179,0.2724183006535948,0.2743657898725185
803,610.2226106588165,0.2733333333333333,0.2725285356653157
804,610.5783401222152,0.2733333333333333,0.2734112788825233
805,610.9340695856137,0.2700653594771242,0.27019383238612915
806,611.2897990490123,0.2724183006535948,0.2721933550981167
807,611.6455285124109,0.27163398692810464,0.2715500643117694
808,612.0012579758095,0.2725490196078431,0.2730878998524065
809,612.3569874392081,0.27307189542483656,0.27160142763022266
810,612.7127169026066,0.27660130718954246,0.2730698840928976
811,613.0684463660052,0.27359477124183007,0.26963069324525185
812,613.4241758294038,0.27359477124183007,0.27165533409316106
813,613.7799052928024,0.2669281045751634,0.2680629647328704
814,614.135634756201,0.2717647058823529,0.27112580599141056
815,614.4913642195995,0.27111111111111114,0.26911729617313346
816,614.8470936829981,0.272156862745098,0.27071560164073827
817,615.2028231463967,0.27333333333333326,0.2700311203185473
818,615.5585526097952,0.2745098039215686,0.2718783504840593
819,615.9142820731938,0.27215686274509804,0.2710095572297834
820,616.2700115365924,0.27385620915032677,0.2724683517465385
821,616.625740999991,0.2711111111111111,0.2702452295960975
822,616.9814704633895,0.2737254901960784,0.27292356941686324
823,617.3371999267881,0.2725490196078431,0.27176470515205114
824,617.6929293901868,0.27241830065359474,0.2726411827866227
825,618.0486588535853,0.2718954248366013,0.270546803688422
826,618.404388316984,0.2724183006535948,0.27173352572406234
827,618.7601177803825,0.27006535947712423,0.26916629559574445
828,619.1158472437811,0.27281045751633987,0.26994672660123814
829,619.4715767071797,0.2669281045751634,0.2679344853314606
830,619.8273061705783,0.2699346405228758,0.26875125051912746
831,620.1830356339768,0.2662745098039216,0.26604750975130453
832,620.5387650973754,0.2669281045751634,0.26516528985425125
833,620.894494560774,0.2626143790849673,0.2620171675776851
834,621.2502240241726,0.26300653594771245,0.26205172081774986
835,621.6059534875711,0.26104575163398697,0.2593649399455374
836,621.9616829509697,0.26130718954248366,0.2609941207226761
837,622.3174124143683,0.25947712418300656,0.2577480225224712
838,622.673141877767,0.26091503267973853,0.2596429907533729
839,623.0288713411654,0.26300653594771245,0.25805214822637507
840,623.3846008045641,0.2623529411764705,0.2583076225491063
841,623.7403302679627,0.2611764705882353,0.25692552032811217
842,624.0960597313613,0.2628758169934641,0.2574243395752001
843,624.4517891947598,0.25947712418300656,0.25606298680651396
844,624.8075186581584,0.26078431372549016,0.2568925721412243
845,625.163248121557,0.2588235294117647,0.25501871296405065
846,625.5189775849556,0.2606535947712419,0.2559881489730802
847,625.8747070483541,0.2584313725490196,0.2535334237176939
848,626.2304365117527,0.25385620915032686,0.25385352960017576
849,626.5861659751513,0.25424836601307194,0.2522981754161921
850,626.9418954385499,0.25084967320261436,0.25288345236248605
851,627.2976249019484,0.25071895424836604,0.2512600812900732
852,627.653354365347,0.2499346405228758,0.25313435720095084
853,628.0090838287456,0.2505882352941176,0.2512688778396966
854,628.3648132921443,0.2529411764705882,0.25272639231036187
855,628.7205427555427,0.25176470588235295,0.25110552051869506
856,629.0762722189413,0.25071895424836604,0.2515109431042258
857,629.43200168234,0.250718954248366,0.2498471495434906
858,629.7877311457386,0.25359477124183,0.2511702079148468
859,630.143460609137,0.2488888888888889,0.24935131051451245
860,630.4991900725357,0.2525490196078432,0.2504551309889124
861,630.8549195359343,0.2504575163398693,0.24856997608680154
862,631.2106489993329,0.2508496732026144,0.25023264686879193
863,631.5663784627314,0.2508496732026144,0.2490974334222739
864,631.92210792613,0.2501960784313726,0.24939005420587773
865,632.2778373895286,0.24758169934640528,0.2484676364540327
866,632.6335668529273,0.24614379084967322,0.24903553346538837
867,632.9892963163257,0.24771241830065363,0.24721571738239995
868,633.3450257797243,0.24875816993464053,0.24815445024709068
869,633.7007552431229,0.24928104575163404,0.24648048697588087
870,634.0564847065216,0.25019607843137254,0.24768578376135908
871,634.41221416992,0.2475816993464052,0.2458724986949763
872,634.7679436333186,0.24562091503267972,0.24502366020116337
873,635.1236730967173,0.24549019607843137,0.24437939016487215
874,635.4794025601159,0.24366013071895423,0.2446115383540792
875,635.8351320235143,0.24235294117647058,0.24087823861489802
876,636.190861486913,0.24183006535947715,0.24200202980669655
877,636.5465909503116,0.23751633986928108,0.23883728372076218
878,636.9023204137102,0.23934640522875816,0.24032236667388546
879,637.2580498771088,0.23464052287581702,0.23794667367492112
880,637.6137793405073,0.23477124183006537,0.23692274769545427
881,637.9695088039059,0.23333333333333336,0.2358516187408714
882,638.3252382673046,0.23359477124183006,0.23478168570793206
883,638.6809677307031,0.23163398692810458,0.23259830666364512
884,639.0366971941016,0.23254901960784313,0.23394151354762463
885,639.3924266575003,0.22849673202614382,0.23086551486098394
886,639.7481561208989,0.23045751633986925,0.2314949520132778
887,640.1038855842974,0.22901960784313724,0.2300028960149402
888,640.459615047696,0.22888888888888892,0.22952416532962977
889,640.8153445110946,0.22797385620915034,0.22791459828196856
890,641.1710739744931,0.22901960784313724,0.22884594470153133
891,641.5268034378918,0.22679738562091503,0.2264109022604986
892,641.8825329012903,0.22875816993464052,0.22740342627496557
893,642.2382623646889,0.22679738562091503,0.22565186699434878
894,642.5939918280876,0.22718954248366016,0.22622280256901992
895,642.9497212914861,0.22392156862745102,0.22440118328934927
896,643.3054507548846,0.22235294117647061,0.22349769865207833
897,643.6611802182831,0.22196078431372548,0.22231753365062865
898,644.0169096816819,0.22026143790849675,0.22198296914877813
899,644.3726391450804,0.21947712418300655,0.22060415234609404
900,644.728368608479,0.22065359477124183,0.22083518081068662
901,645.0840980718776,0.21699346405228756,0.2187243119128122
902,645.4398275352762,0.22065359477124183,0.22045824752187773
903,645.7955569986747,0.2197385620915033,0.2179086119839651
904,646.1512864620734,0.21830065359477122,0.21787536933564355
905,646.5070159254719,0.21947712418300655,0.21696651744605147
906,646.8627453888705,0.21986928104575165,0.21777789755991817
907,647.2184748522691,0.21738562091503266,0.21573065321042012
908,647.5742043156677,0.21986928104575165,0.21647194604436887
909,647.9299337790662,0.21555555555555558,0.21400787892826356
910,648.2856632424648,0.2169934640522876,0.2156631445331879
911,648.6413927058634,0.2138562091503268,0.21380230074716386
912,648.997122169262,0.2162091503267974,0.21337072241844052
913,649.3528516326605,0.21464052287581703,0.2132335798533122
914,649.7085810960591,0.2138562091503268,0.21285787447611662
915,650.0643105594577,0.21019607843137256,0.21126491166054323
916,650.4200400228564,0.21529411764705883,0.21276422092837155
917,650.7757694862548,0.20954248366013073,0.20893317935184305
918,651.1314989496534,0.2099346405228758,0.20896326420351397
919,651.4872284130521,0.2087581699346405,0.20595418859647635
920,651.8429578764507,0.20352941176470588,0.2038111572020816
921,652.1986873398491,0.20196078431372552,0.20080968360922846
922,652.5544168032478,0.19738562091503273,0.19963186370517688
923,652.9101462666464,0.19281045751633988,0.19497964621677916
924,653.2658757300449,0.19490196078431374,0.19683569077425916
925,653.6216051934434,0.19398692810457516,0.19419746729552967
926,653.9773346568421,0.19594771241830067,0.1965175490224518
927,654.3330641202407,0.19359477124183008,0.19514970509404167
928,654.6887935836392,0.19542483660130716,0.19582724780204958
929,655.044523047038,0.19516339869281044,0.1967174079488452
930,655.4002525104364,0.19830065359477125,0.19902019626060277
931,655.755981973835,0.1980392156862745,0.19854369135469294
932,656.1117114372337,0.2007843137254902,0.20142726379908377
933,656.4674409006323,0.20065359477124187,0.2007804428075634
934,656.8231703640307,0.2041830065359477,0.2037229197614886
935,657.1788998274294,0.20117647058823532,0.20223821963667268
936,657.534629290828,0.20405228758169935,0.2035732145260043
937,657.8903587542266,0.20366013071895428,0.20301432523623766
938,658.2460882176251,0.2013071895424837,0.20337774855419044
939,658.6018176810237,0.20078431372549022,0.2011042553181181
940,658.9575471444223,0.2037908496732026,0.20351031115266854
941,659.3132766078209,0.19725490196078432,0.2003637697223705
942,659.6690060712194,0.1992156862745098,0.20140678593924957
943,660.024735534618,0.1966013071895425,0.20006216810920935
944,660.3804649980166,0.19856209150326798,0.19877326507545665
945,660.7361944614152,0.19437908496732026,0.19826593516210214
946,661.0919239248137,0.19777777777777783,0.19856735424642372
947,661.4476533882124,0.19320261437908495,0.1965768120825674
948,661.8033828516109,0.1945098039215686,0.197548330542151
949,662.1591123150095,0.19450980392156866,0.19536699159469248
950,662.5148417784081,0.1942483660130719,0.1967351344343422
951,662.8705712418066,0.19490196078431374,0.19565548013461675
952,663.2263007052052,0.19529411764705884,0.19548838120865283
953,663.5820301686038,0.1954248366013072,0.19493156351826385
954,663.9377596320023,0.1942483660130719,0.19529156227629912
955,664.2934890954009,0.1930718954248366,0.19281251362683272
956,664.6492185587995,0.19477124183006536,0.194301901984787
957,665.0049480221983,0.1930718954248366,0.19269056430135945
958,665.3606774855966,0.19071895424836605,0.1933013521636725
959,665.7164069489952,0.18967320261437912,0.19220640056631313
960,666.072136412394,0.18862745098039216,0.19115524541177073
961,666.4278658757925,0.1873202614379085,0.18979840497867437
962,666.783595339191,0.18588235294117647,0.18960566268219572
963,667.1393248025897,0.18718954248366013,0.18695537857877959
964,667.4950542659882,0.18784313725490195,0.18816992320622733
965,667.8507837293868,0.18379084967320258,0.18491447457781718
966,668.2065131927855,0.18549019607843134,0.18684720486068296
967,668.562242656184,0.18013071895424837,0.18408648083893595
968,668.9179721195825,0.17947712418300654,0.18424047229855237
969,669.2737015829812,0.18313725490196078,0.1840166948537204
970,669.6294310463798,0.18274509803921568,0.18351265708721337
971,669.9851605097783,0.1833986928104575,0.18213249798871503
972,670.3408899731769,0.18248366013071896,0.1829161880066892
973,670.6966194365755,0.18156862745098043,0.1808734444884453
974,671.052348899974,0.1818300653594771,0.18242596166448063
975,671.4080783633726,0.1819607843137255,0.18092956886474598
976,671.7638078267712,0.18052287581699344,0.1809014922590679
977,672.1195372901698,0.17830065359477124,0.17918345965252425
978,672.4752667535683,0.17738562091503265,0.17878501500421132
979,672.8309962169669,0.17385620915032682,0.17699517810865517
980,673.1867256803655,0.17346405228758166,0.17628346036866102
981,673.5424551437641,0.17176470588235293,0.17468772810156288
982,673.8981846071626,0.17202614379084968,0.17454151587314615
983,674.2539140705612,0.17124183006535945,0.1726225184064125
984,674.6096435339598,0.17019607843137252,0.17115042003107458
985,674.9653729973585,0.1683660130718954,0.17042491419190242
986,675.321102460757,0.16823529411764704,0.17009993324137523
987,675.6768319241555,0.16771241830065356,0.168688639978457
988,676.0325613875542,0.16679738562091503,0.16855572027304433
989,676.3882908509528,0.16627450980392156,0.1672745911776487
990,676.7440203143512,0.1688888888888889,0.16777717210163445
991,677.09974977775,0.16810457516339872,0.16680898298038008
992,677.4554792411485,0.16732026143790849,0.16614139066249145
993,677.8112087045471,0.16666666666666666,0.16561811436883533
994,678.1669381679458,0.1643137254901961,0.16458487314547357
995,678.5226676313443,0.16444444444444445,0.16356714832915445
996,678.8783970947428,0.16522875816993463,0.16354083787502713
997,679.2341265581415,0.16300653594771242,0.1615004541697001
998,679.5898560215401,0.1623529411764706,0.16259275996155279
999,679.9455854849386,0.1615686274509804,0.16127457305091247
1000,680.3013149483372,0.15830065359477125,0.15947120183983945
1001,680.6570444117358,0.15830065359477127,0.1586087640197985
1002,681.0127738751344,0.15581699346405228,0.15745301287736627
1003,681.368503338533,0.15267973856209152,0.15424286772634663
1004,681.7242328019315,0.15254901960784314,0.15387626930761733
1005,682.0799622653301,0.15058823529411766,0.14999667958127078
1006,682.4356917287287,0.1469281045751634,0.1491050855607298
1007,682.7914211921272,0.14379084967320263,0.1455629880722305
1008,683.1471506555258,0.1427450980392157,0.1417792897420102
1009,683.5028801189244,0.1415686274509804,0.13971599620275613
1010,683.858609582323,0.14,0.13897809367577757
1011,684.2143390457215,0.1350326797385621,0.1338796712248376
1012,684.5700685091201,0.1334640522875817,0.13411375114031632
1013,684.9257979725187,0.13320261437908495,0.13112552442330894
1014,685.2815274359173,0.13202614379084968,0.1324391509058007
1015,685.6372568993158,0.1326797385620915,0.13161090573834233
1016,685.9929863627144,0.1326797385620915,0.13160606274466283
1017,686.348715826113,0.13202614379084968,0.13081869511126581
1018,686.7044452895116,0.13241830065359475,0.13292537313694797
1019,687.0601747529103,0.13163398692810457,0.13203605527680534
1020,687.4159042163087,0.13333333333333333,0.1337107510515901
1021,687.7716336797073,0.13333333333333333,0.132714771200615
1022,688.127363143106,0.1326797385620915,0.13541591497138636
1023,688.4830926065046,0.13359477124183008,0.13463743532110736
1024,688.8388220699031,0.13359477124183008,0.13481079701402882
1025,689.1945515333018,0.13437908496732023,0.13470869644680172
1026,689.5502809967003,0.13660130718954247,0.13646011138094374
1027,689.9060104600989,0.1366013071895425,0.1345901415854086
1028,690.2617399234975,0.1358169934640523,0.13609737083530474
1029,690.6174693868961,0.13281045751633988,0.13435467942740162
1030,690.9731988502946,0.1388235294117647,0.13709927018274304
1031,691.3289283136933,0.1366013071895425,0.13572158882981555
1032,691.6846577770918,0.1388235294117647,0.13647888393817267
1033,692.0403872404904,0.13843137254901963,0.13616257823883307
1034,692.396116703889,0.13764705882352943,0.13712951461249315
1035,692.7518461672876,0.13490196078431374,0.13502222907855632
1036,693.1075756306861,0.1362091503267974,0.1379815488600104
1037,693.4633050940847,0.13503267973856212,0.13599168993959992
1038,693.8190345574833,0.13790849673202615,0.138117738150438
1039,694.1747640208819,0.1362091503267974,0.13617253315254987
1040,694.5304934842804,0.1358169934640523,0.1364140920360295
1041,694.886222947679,0.13516339869281047,0.13539263392456208
1042,695.2419524110776,0.1334640522875817,0.1354961733493038
1043,695.5976818744762,0.13307189542483658,0.13382398022263203
1044,695.9534113378747,0.13254901960784313,0.13388454470459354
1045,696.3091408012733,0.1311111111111111,0.13168633284448714
1046,696.6648702646719,0.1322875816993464,0.1328172781382176
1047,697.0205997280706,0.1337254901960784,0.1310877986496379
1048,697.376329191469,0.13477124183006536,0.13135697153248685
1049,697.7320586548676,0.13176470588235292,0.13081614649515055
1050,698.0877881182663,0.1322875816993464,0.13142032894117894
1051,698.4435175816649,0.13215686274509805,0.129572483217359
1052,698.7992470450633,0.1315032679738562,0.13087130102906425
1053,699.1549765084621,0.12888888888888891,0.12802141697591637
1054,699.5107059718606,0.129281045751634,0.13044273272098345
1055,699.8664354352591,0.12679738562091503,0.12908897584956383
1056,700.2221648986579,0.12444444444444445,0.12887158287289766
1057,700.5778943620564,0.1291503267973856,0.1285644557468882
1058,700.9336238254549,0.12862745098039216,0.1298202675023389
1059,701.2893532888536,0.1277124183006536,0.12768523469973625
1060,701.6450827522522,0.12470588235294118,0.12860269804981614
1061,702.0008122156507,0.12836601307189544,0.12769959855544982
1062,702.3565416790493,0.13202614379084968,0.12995238616323174
1063,702.7122711424479,0.1300653594771242,0.12762583208578998
1064,703.0680006058465,0.129281045751634,0.1276203403287624
1065,703.423730069245,0.12627450980392158,0.12713993897813727
1066,703.7794595326436,0.12941176470588234,0.1282688357345988
1067,704.1351889960422,0.12797385620915033,0.12573019641385746
1068,704.4909184594408,0.12509803921568627,0.12593906947740877
1069,704.8466479228393,0.12470588235294118,0.12475353754873202
1070,705.2023773862379,0.12562091503267972,0.12603114579333027
1071,705.5581068496365,0.1257516339869281,0.12394046029606773
1072,705.9138363130351,0.1261437908496732,0.12362142166179492
1073,706.2695657764336,0.12418300653594772,0.12346923146867551
1074,706.6252952398322,0.1237908496732026,0.12394571166435694
1075,706.9810247032308,0.12091503267973858,0.12085051867647766
1076,707.3367541666294,0.12274509803921567,0.12216163970658601
1077,707.6924836300279,0.12039215686274508,0.11988844157152058
1078,708.0482130934265,0.12078431372549019,0.12193123062513271
1079,708.4039425568251,0.11869281045751633,0.1194106460655424
1080,708.7596720202237,0.12104575163398691,0.12028511222476188
1081,709.1154014836223,0.11843137254901959,0.11766507658790758
1082,709.4711309470208,0.11830065359477122,0.118876917206163
1083,709.8268604104194,0.1176470588235294,0.11634227976704661
1084,710.1825898738181,0.11686274509803922,0.11702281655975287
1085,710.5383193372166,0.11254901960784314,0.11409296725538348
1086,710.8940488006152,0.11385620915032679,0.11552066996042658
1087,711.2497782640139,0.11333333333333333,0.11382942302319439
1088,711.6055077274124,0.11189542483660131,0.11300873048104658
1089,711.961237190811,0.11320261437908496,0.11200234577087775
1090,712.3169666542096,0.1126797385620915,0.1110670131848196
1091,712.6726961176082,0.1084967320261438,0.10858756034414019
1092,713.0284255810067,0.1065359477124183,0.107739735911321
1093,713.3841550444052,0.1073202614379085,0.10606999818849518
1094,713.7398845078039,0.1061437908496732,0.10647985306801298
1095,714.0956139712025,0.10549019607843137,0.10345525121651263
1096,714.451343434601,0.10143790849673202,0.10118967833246828
1097,714.8070728979997,0.09764705882352942,0.09849233029692624
1098,715.1628023613982,0.09738562091503268,0.09725866631069871
1099,715.5185318247968,0.09490196078431375,0.09244140863686366
1100,715.8742612881954,0.09307189542483661,0.09378548277973275
1101,716.229990751594,0.09150326797385622,0.09124315015682402
1102,716.5857202149925,0.09437908496732028,0.09310199068749704
1103,716.9414496783911,0.09019607843137256,0.09081022724962895
1104,717.2971791417897,0.08915032679738562,0.09072888526905315
1105,717.6529086051883,0.09071895424836601,0.09072971433533522
1106,718.0086380685868,0.0911111111111111,0.0920680423720278
1107,718.3643675319854,0.08640522875816993,0.089596816241452
1108,718.720096995384,0.09006535947712418,0.09159911093024166
1109,719.0758264587826,0.08758169934640521,0.08902495124642874
1110,719.4315559221811,0.0911111111111111,0.09183619479476005
1111,719.7872853855797,0.08901960784313727,0.09016413718458537
1112,720.1430148489784,0.09058823529411764,0.09047887904181261
1113,720.4987443123769,0.0861437908496732,0.08877355209938237
1114,720.8544737757754,0.08849673202614379,0.08915140071929124
1115,721.2102032391742,0.0862745098039216,0.08652550251979406
1116,721.5659327025727,0.08679738562091505,0.08696131434353936
1117,721.9216621659712,0.0835294117647059,0.08524088062930797
1118,722.27739162937,0.08366013071895424,0.08636339552442765
1119,722.6331210927685,0.08300653594771241,0.08383786237661188
1120,722.988850556167,0.0849673202614379,0.08411715706465211
1121,723.3445800195655,0.08248366013071896,0.08287220361416842
1122,723.7003094829643,0.08339869281045753,0.0842261280187569
1123,724.0560389463627,0.07921568627450981,0.08029540945813779
1124,724.4117684097613,0.08261437908496733,0.08218517756996277
1125,724.76749787316,0.08143790849673205,0.07961991929246014
1126,725.1232273365584,0.08183006535947714,0.08087571082415457
1127,725.478956799957,0.08183006535947714,0.079936055993889
1128,725.8346862633557,0.0803921568627451,0.07963109576353068
1129,726.1904157267543,0.07921568627450981,0.07807863533581573
1130,726.5461451901527,0.08156862745098041,0.07956627459706142
1131,726.9018746535514,0.07869281045751635,0.0767293620828589
1132,727.25760411695,0.07934640522875817,0.07842477786578285
1133,727.6133335803486,0.07725490196078431,0.07632874075907252
1134,727.9690630437472,0.0796078431372549,0.07900640128388378
1135,728.3247925071457,0.07568627450980392,0.07790414795268621
1136,728.6805219705443,0.07699346405228759,0.0781356969313263
1137,729.0362514339429,0.07555555555555556,0.07720984322155332
1138,729.3919808973415,0.07777777777777778,0.07887400772180501
1139,729.74771036074,0.07281045751633987,0.07622259248201875
1140,730.1034398241386,0.08052287581699347,0.07827947362390789
1141,730.4591692875372,0.07816993464052287,0.07675126996311916
1142,730.8148987509358,0.0788235294117647,0.07919698703388396
1143,731.1706282143344,0.07477124183006535,0.07710491966867934
1144,731.5263576777329,0.07725490196078431,0.07774801389702463
1145,731.8820871411315,0.07620915032679738,0.07616044279010087
1146,732.2378166045302,0.07699346405228757,0.07858461312869645
1147,732.5935460679287,0.07594771241830064,0.07632468818970374
1148,732.9492755313273,0.07751633986928104,0.07708928868233857
1149,733.3050049947258,0.07660130718954247,0.07550968538517366
1150,733.6607344581245,0.07568627450980392,0.07658065948942329
1151,734.016463921523,0.07581699346405228,0.07526553032729741
1152,734.3721933849216,0.07542483660130718,0.07562748565310767
1153,734.7279228483203,0.07529411764705883,0.0750701323479636
1154,735.0836523117188,0.07751633986928104,0.07564879981585229
1155,735.4393817751173,0.07516339869281045,0.07406883557790754
1156,735.795111238516,0.07503267973856209,0.07429618552650438
1157,736.1508407019146,0.0758169934640523,0.07325868035983257
1158,736.5065701653131,0.07568627450980392,0.07423569583989667
1159,736.8622996287118,0.07359477124183007,0.07314319883918646
1160,737.2180290921103,0.07477124183006535,0.07381565791346874
1161,737.5737585555089,0.07372549019607842,0.0729902320325441
1162,737.9294880189075,0.0738562091503268,0.07354958016329208
1163,738.285217482306,0.0722875816993464,0.07204361307048977
1164,738.6409469457046,0.07137254901960784,0.07183614804233525
1165,738.9966764091032,0.07137254901960784,0.07100490812981655
1166,739.3524058725018,0.07398692810457515,0.07154643260564997
1167,739.7081353359004,0.0734640522875817,0.0707925923332321
1168,740.0638647992989,0.07294117647058823,0.07098563871216533
1169,740.4195942626975,0.07189542483660129,0.07048235501955262
1170,740.7753237260961,0.07163398692810458,0.07052157831032911
1171,741.1310531894947,0.07163398692810458,0.06954137709179638
1172,741.4867826528932,0.0722875816993464,0.07010009152984098
1173,741.8425121162918,0.07084967320261437,0.06902398097292821
1174,742.1982415796904,0.07071895424836601,0.0696297791033663
1175,742.553971043089,0.06980392156862746,0.06890569206785528
1176,742.9097005064875,0.06823529411764706,0.06888317348131998
1177,743.2654299698861,0.0681045751633987,0.06826317933317204
1178,743.6211594332847,0.07071895424836601,0.06934167336322415
1179,743.9768888966832,0.06823529411764706,0.06728831911485642
1180,744.3326183600818,0.06967320261437908,0.0690369591553701
1181,744.6883478234805,0.06967320261437909,0.06773199320045767
1182,745.0440772868791,0.07019607843137256,0.0690224672452239
1183,745.3998067502775,0.0673202614379085,0.0678395301526209
1184,745.7555362136762,0.06745098039215686,0.06766084748645491
1185,746.1112656770748,0.06692810457516339,0.06664809054344391
1186,746.4669951404734,0.06745098039215686,0.06722274774124927
1187,746.8227246038721,0.06300653594771242,0.06529201229085822
1188,747.1784540672705,0.06522875816993463,0.06577498480448625
1189,747.5341835306691,0.06588235294117646,0.06431086444526753
1190,747.8899129940678,0.06261437908496732,0.06495137879133131
1191,748.2456424574664,0.06300653594771242,0.06385967454963425
1192,748.6013719208648,0.06209150326797385,0.06391530223143213
1193,748.9571013842635,0.06196078431372549,0.06287535434739136
1194,749.3128308476621,0.06313725490196077,0.0636907307075945
1195,749.6685603110607,0.05986928104575164,0.061688462796720786
1196,750.0242897744592,0.061568627450980386,0.06232296829782234
1197,750.3800192378578,0.06209150326797385,0.06172980441090203
1198,750.7357487012564,0.06261437908496732,0.06310077103072118
1199,751.091478164655,0.0592156862745098,0.06122710241472391
1200,751.4472076280535,0.058954248366013075,0.06139553133455318
1201,751.8029370914521,0.05803921568627451,0.06028987914262593
1202,752.1586665548507,0.0611764705882353,0.06177613163337476
1203,752.5143960182493,0.059477124183006526,0.059999304458646464
1204,752.8701254816478,0.061568627450980386,0.06100325959707131
1205,753.2258549450464,0.05555555555555556,0.05815426712363148
1206,753.581584408445,0.05986928104575164,0.05993267202152378
1207,753.9373138718436,0.059084967320261444,0.05774899032692752
1208,754.2930433352421,0.05555555555555556,0.05700592742173632
1209,754.6487727986408,0.05673202614379085,0.055183723182462605
1210,755.0045022620394,0.05516339869281045,0.05456260835487084
1211,755.3602317254379,0.05189542483660131,0.05055962966094246
1212,755.7159611888366,0.04875816993464053,0.04982410087916943
1213,756.0716906522351,0.045098039215686274,0.04508212973435795
1214,756.4274201156336,0.045359477124183,0.04472831319251757
1215,756.7831495790324,0.036601307189542485,0.03806175685276283
1216,757.1388790424309,0.03594771241830066,0.03633320978370971
1217,757.4946085058293,0.031764705882352945,0.033737087958120394
1218,757.8503379692281,0.03137254901960784,0.032085838799197984
1219,758.2060674326267,0.030326797385620913,0.02886535176296617
1220,758.5617968960252,0.0277124183006536,0.02859361498485064
1221,758.9175263594238,0.024444444444444446,0.026948961892644452
1222,759.2732558228224,0.028235294117647063,0.02769453570349071
1223,759.628985286221,0.02679738562091503,0.02661230295293817
1224,759.9847147496196,0.02666666666666667,0.027076412675559738
1225,760.3404442130181,0.025751633986928108,0.026836820028650423
1226,760.6961736764167,0.02784313725490196,0.02784831409175884
1227,761.0519031398153,0.027058823529411764,0.0269961347342641
1228,761.4076326032139,0.030326797385620923,0.02841338940243818
1229,761.7633620666124,0.02993464052287582,0.027750036903848144
1230,762.119091530011,0.030065359477124187,0.029363723946591144
1231,762.4748209934096,0.030457516339869286,0.02950944197529175
1232,762.8305504568082,0.034509803921568626,0.031218387876119448
1233,763.1862799202067,0.03411764705882353,0.0323605773480095
1234,763.5420093836053,0.035424836601307186,0.03422643542680298
1235,763.8977388470039,0.03568627450980392,0.03418064234215151
1236,764.2534683104025,0.0392156862745098,0.03642253963050445
1237,764.6091977738012,0.038039215686274504,0.03528763576327395
1238,764.9649272371996,0.03725490196078431,0.03834793598769489
1239,765.3206567005982,0.03869281045751634,0.037599606540639256
1240,765.6763861639968,0.04143790849673202,0.04074444259765482
1241,766.0321156273953,0.04183006535947712,0.04133643210077214
1242,766.3878450907939,0.043790849673202605,0.04346933623846716
1243,766.7435745541927,0.039607843137254906,0.04198399441084457
1244,767.0993040175912,0.042875816993464044,0.04380884884947953
1245,767.4550334809896,0.04366013071895425,0.04209581196433105
1246,767.8107629443883,0.044313725490196076,0.04448128333046399
1247,768.166492407787,0.045490196078431376,0.04296150538609001
1248,768.5222218711855,0.04209150326797386,0.042977016321456535
1249,768.8779513345842,0.042352941176470586,0.04286804743051367
1250,769.2336807979826,0.044052287581699344,0.04439222394288554
1251,769.5894102613811,0.04,0.041378383561348764
1252,769.9451397247799,0.04326797385620914,0.042891347962860496
1253,770.3008691881785,0.04248366013071895,0.04107616284159789
1254,770.6565986515769,0.042875816993464044,0.04313160156430068
1255,771.0123281149756,0.04169934640522876,0.04159473111330155
1256,771.3680575783742,0.04169934640522876,0.04120419895142229
1257,771.7237870417728,0.04248366013071895,0.04031533901700558
1258,772.0795165051713,0.041045751633986924,0.04047500565441765
1259,772.4352459685699,0.03568627450980392,0.03809326528885918
1260,772.7909754319685,0.03973856209150326,0.039155156950549885
1261,773.146704895367,0.03542483660130719,0.03708584166251338
1262,773.5024343587656,0.04,0.03878606467358291
1263,773.8581638221642,0.04026143790849673,0.0378670646841663
1264,774.2138932855628,0.040130718954248364,0.03792782608759231
1265,774.5696227489614,0.03581699346405228,0.03647500432048552
1266,774.9253522123599,0.03895424836601307,0.037592158621707575
1267,775.2810816757585,0.037385620915032676,0.036006173889156695
1268,775.6368111391571,0.038562091503267976,0.036953034194058654
1269,775.9925406025557,0.03581699346405229,0.03519329718295196
1270,776.3482700659542,0.03673202614379085,0.036617169780465524
1271,776.7039995293529,0.037516339869281046,0.03516399010412102
1272,777.0597289927514,0.03594771241830065,0.03529670781951328
1273,777.41545845615,0.0338562091503268,0.03466785562458787
1274,777.7711879195487,0.036601307189542485,0.03538153401489939
1275,778.1269173829472,0.0342483660130719,0.03351571609696604
1276,778.4826468463457,0.03725490196078431,0.0351170204836105
1277,778.8383763097445,0.035686274509803925,0.03408261446551319
1278,779.194105773143,0.03529411764705883,0.034794206923883166
1279,779.5498352365415,0.03607843137254902,0.03475285231822792
